id;fullname;grade_id;grade_name;home_phone;mobile_number;assigment_id;date_of_assignment;job_name;address;organization_id;jhi_organization;national_identifier;jhi_uid;parent_department_id;slm_military_flag;military_first_name;slm_name;age;date_of_hire;date_of_last_hire;gender;job_id;nationality_code;nationality;person_start_date;original_date_of_hire;supervisor_id;supervisor_full_name;parent_department_name;section_id;section_name;adjusted_service_date;qualification_type;qualification_specification
1;quick-witted wise;25880;under;pro yahoo;ouch;3192;and that mooch;afore psst;whispered unfit;7068;shyly airbrush;hefty quizzically distinction;softly mmm coil;finally oh;2062;tuba yin wolf;zowie excluding enrich;26471;2025-05-20T13:08:32;2025-05-20T16:36:49;while energetically;12703;ouch;gosh government;2025-05-20T09:20:18;2025-05-20T15:48:05;tabulate;how opposite potentially;wholly misreport and;2102;er;2025-05-20T03:42:50;firm descent;since massage
2;authentic er;21274;mmm deeply;ha biodegrade serve;forenenst signature;27080;analogy besides;bravely whoa fantastic;grown;19113;inveigle;kindheartedly unusual;draft brr aw;geez;9935;academics trick;dwell as although;11106;2025-05-20T11:07:29;2025-05-19T22:41:50;blowgun;30772;where;surprisingly palatable freckle;2025-05-20T03:50:40;2025-05-20T18:53:46;likewise;throughout;scrutinise save premise;29260;near ravel misjudge;2025-05-20T18:38:14;nor petal;beside
3;moist demobilise past;17092;incidentally failing;valiantly notwithstanding refute;as now hourly;21643;optimistically and righteously;headline;until since please;29136;gerbil geez;down;invite consequently prohibition;navigate despite geez;27146;including wire;yippee zowie;3657;2025-05-20T16:54:20;2025-05-20T19:03:19;statue;20999;accidentally puzzled doodle;slowly miskey cauliflower;2025-05-20T18:53:24;2025-05-20T10:14:16;restfully fictionalize gosh;safeguard silent deny;safely hence house;11971;like defiantly;2025-05-20T04:58:38;clamour;partridge deform
4;cow painfully;9314;besides truthfully bidet;out;scout sympathetically;19629;inasmuch;yieldingly;sensitize;22858;wrongly cleverly yearn;canter geez;outside;or;3483;broken ouch pace;brr save suspiciously;9591;2025-05-20T07:36:30;2025-05-20T07:38:48;busy politely treasure;24532;ugh flood calculating;unless;2025-05-20T07:50:45;2025-05-19T22:57:41;who for;importance after because;yahoo;3846;cleverly calculus;2025-05-20T07:26:36;aw;obsess shinny once
5;planula once onto;12191;vaguely ha;out extricate;an as;21413;devastation oh;own except;scuttle beyond;8308;before;circa physical alongside;critical opposite jovially;to;13080;dimly yearningly well-made;alert;26439;2025-05-20T09:31:18;2025-05-20T08:09:52;whoa beside scarper;18201;pale however requite;unique hefty lest;2025-05-20T01:20:14;2025-05-20T13:13:43;sermon ick meh;apropos whoa;hydrant coal;9385;accelerator;2025-05-20T04:44:44;gadzooks expert;near cinch strict
6;tempting;22259;whenever finally;despite since when;finally finer;19823;eminent demobilise;tired provided;sew oh;11930;whirlwind;circa;brr;fortunately patroller doting;31103;despite;amnesty the;23662;2025-05-20T16:55:44;2025-05-20T14:13:06;noisily;26912;suddenly wasabi;insert round;2025-05-20T18:02:49;2025-05-20T03:43:45;however mom;innovation overcharge;as past viciously;3570;ick;2025-05-20T07:50:43;hmph;gosh goat
7;judgementally factorize gah;13312;wise;salty trivial woot;lightly;23225;pretty;where famously;platter speedily when;664;convince;concrete unethically via;deform oddly;angle;25847;reluctantly distinct;whoa alongside tomorrow;15437;2025-05-20T20:08:57;2025-05-19T22:19:24;scorpion outlaw since;24961;pigpen with;lovingly;2025-05-20T00:17:44;2025-05-19T22:43:14;consequently symbolise;object founder smoothly;satirise;1482;sweetly potable;2025-05-20T05:05:02;courageously;between shoddy
8;gym pack clear;31257;mmm unripe when;to brr sharply;release sheepishly back;9599;worriedly fleck;tempting fort wherever;hence if;18738;overconfidently sympathetically;growing whereas ornery;strait;zowie;29024;agile circa forecast;from;2230;2025-05-20T09:17:53;2025-05-20T00:45:43;about electric;1938;because;doodle when;2025-05-20T17:53:38;2025-05-19T21:10:21;near duh;even;mmm even;17901;unless;2025-05-20T20:05:31;shrill pivot;ack minion alongside
9;likewise;23335;unless pish jump;zowie handful phooey;however assist frenetically;17700;proud house;afraid extricate supposing;meanwhile;28669;boohoo;waterlogged slowly;bathrobe unblinking though;gladly pfft make;248;overdub;passionate while pleasure;14341;2025-05-20T19:05:46;2025-05-20T10:58:14;lean;4993;minus worth;impressionable;2025-05-19T22:25:01;2025-05-20T15:19:04;righteously inasmuch;about;zowie;2494;overvalue geez phooey;2025-05-20T17:40:00;barring terribly;ornate pearl squid
10;pish;3227;bench;blindly;lest phooey;29465;typewriter efface;deadly;off;26995;obscure grouper;obnoxiously;along;but supposing ah;27919;incidentally;pro instead;25722;2025-05-20T19:39:16;2025-05-19T23:37:34;inquisitively second-hand;14583;fearless outside cheerful;frenetically;2025-05-20T12:32:45;2025-05-20T00:23:52;questionably provision;hutch including energetically;gripper;1947;sashay judgementally uh-huh;2025-05-20T15:53:05;fairly helplessly whether;darling ascribe
