id;add_date;attch;attch_content_type
1;2025-05-19T22:20:40;../fake-data/blob/hipster.png;image/png
2;2025-05-20T08:30:01;../fake-data/blob/hipster.png;image/png
3;2025-05-20T17:41:40;../fake-data/blob/hipster.png;image/png
4;2025-05-20T02:56:36;../fake-data/blob/hipster.png;image/png
5;2025-05-20T11:39:48;../fake-data/blob/hipster.png;image/png
6;2025-05-20T03:08:27;../fake-data/blob/hipster.png;image/png
7;2025-05-20T09:51:50;../fake-data/blob/hipster.png;image/png
8;2025-05-20T14:00:26;../fake-data/blob/hipster.png;image/png
9;2025-05-19T22:28:41;../fake-data/blob/hipster.png;image/png
10;2025-05-20T13:57:59;../fake-data/blob/hipster.png;image/png
